"id","stationId","timestamp","confidence","probability","score","certainty","algorithm","metadata","lat","lon","favorite","species.id","species.commonName","species.scientificName","species.color","species.classification","species.imageUrl","species.thumbnailUrl","species.pngUrl","species.thumbhash","soundscape.id","soundscape.url","soundscape.startTime","soundscape.endTime","soundscape.mode"
5051253758,19267,"2026-01-03T19:37:01.000+01:00",0.71563708782196,0.0414778254926205,5.14620708710676,"almost_certain","BirdNET",NA,51.98061,5.676907,FALSE,215,"Common Eider","Somateria mollissima","#ff9461","avian","https://media.birdweather.com/species/215/CommonEider-standard-cb867dd829922c9f4fbef2782aae5471.jpg","https://media.birdweather.com/species/215/CommonEider-thumbnail-60f12b7ec7e5d703882c4f522a12eb77.jpg","https://media.birdweather.com/species/215/CommonEider-png200-155f8264509f187370683aca056beba2.png","WtcFFwKNYndep4g0ukiH9lw9oBMHOXAA",7508102526,"https://media.birdweather.com/soundscapes/19267/19267-20260103-183655.flac",6,9,"live"
5051253660,19267,"2026-01-03T19:36:59.500+01:00",0.907383799552917,0.0414778254926205,5.66591437591897,"almost_certain","BirdNET",NA,51.98061,5.676907,FALSE,215,"Common Eider","Somateria mollissima","#ff9461","avian","https://media.birdweather.com/species/215/CommonEider-standard-cb867dd829922c9f4fbef2782aae5471.jpg","https://media.birdweather.com/species/215/CommonEider-thumbnail-60f12b7ec7e5d703882c4f522a12eb77.jpg","https://media.birdweather.com/species/215/CommonEider-png200-155f8264509f187370683aca056beba2.png","WtcFFwKNYndep4g0ukiH9lw9oBMHOXAA",7508102526,"https://media.birdweather.com/soundscapes/19267/19267-20260103-183655.flac",4.5,7.5,"live"
5049163978,19267,"2026-01-03T16:38:27.000+01:00",0.821506500244141,0.977286696434021,9.50379153109339,"almost_certain","BirdNET",NA,51.980614,5.67685,FALSE,11,"Great Tit","Parus major","#7a41c7","avian","https://media.birdweather.com/species/11/GreatTit-standard-0058e4dcd148acb2e0cb8a7b7c6ad3b2.jpg","https://media.birdweather.com/species/11/GreatTit-thumbnail-6910d0adae4550c5e6f2396322ee64c4.jpg","https://media.birdweather.com/species/11/GreatTit-png200-9f3394faf07d12f615112c10cb9d7f02.png","ImkCDwTFxox9pZloaIaeZLsJp9r1yG4P",7504860386,"https://media.birdweather.com/soundscapes/19267/19267-20260103-153824.flac",3,6,"live"
5048968535,19267,"2026-01-03T16:23:13.000+01:00",0.922774791717529,0.977286696434021,9.74691614870888,"almost_certain","BirdNET",NA,51.980549,5.67666,FALSE,11,"Great Tit","Parus major","#7a41c7","avian","https://media.birdweather.com/species/11/GreatTit-standard-0058e4dcd148acb2e0cb8a7b7c6ad3b2.jpg","https://media.birdweather.com/species/11/GreatTit-thumbnail-6910d0adae4550c5e6f2396322ee64c4.jpg","https://media.birdweather.com/species/11/GreatTit-png200-9f3394faf07d12f615112c10cb9d7f02.png","ImkCDwTFxox9pZloaIaeZLsJp9r1yG4P",7504582796,"https://media.birdweather.com/soundscapes/19267/19267-20260103-152307.flac",6,9,"live"
5048912303,19267,"2026-01-03T16:18:50.000+01:00",0.81446772813797,0.878310084342957,9.3404484806243,"almost_certain","BirdNET",NA,51.980515,5.676265,FALSE,52,"Eurasian Magpie","Pica pica","#d9c845","avian","https://media.birdweather.com/species/52/EurasianMagpie-standard-918a15076b13e00f4b99a7d5416ca730.jpg","https://media.birdweather.com/species/52/EurasianMagpie-thumbnail-d9fbe854e7c8607465886068aaae11f9.jpg","https://media.birdweather.com/species/52/EurasianMagpie-png200-5c239aeda607c9e0851a39f804982091.png","FggGDwAf+FnWW5aUV4SFiZZ7ehr4bvIM",7504500764,"https://media.birdweather.com/soundscapes/19267/19267-20260103-151844.flac",6,9,"live"
5048901331,19267,"2026-01-03T16:17:50.000+01:00",0.654717683792114,0.977286696434021,8.97579418498061,"almost_certain","BirdNET",NA,51.980515,5.676265,FALSE,11,"Great Tit","Parus major","#7a41c7","avian","https://media.birdweather.com/species/11/GreatTit-standard-0058e4dcd148acb2e0cb8a7b7c6ad3b2.jpg","https://media.birdweather.com/species/11/GreatTit-thumbnail-6910d0adae4550c5e6f2396322ee64c4.jpg","https://media.birdweather.com/species/11/GreatTit-png200-9f3394faf07d12f615112c10cb9d7f02.png","ImkCDwTFxox9pZloaIaeZLsJp9r1yG4P",7504484571,"https://media.birdweather.com/soundscapes/19267/19267-20260103-151750.flac",0,3,"live"
5048833183,19267,"2026-01-03T16:12:27.500+01:00",0.880790293216705,0.977286696434021,9.65129670713945,"almost_certain","BirdNET",NA,51.980564,5.676605,FALSE,11,"Great Tit","Parus major","#7a41c7","avian","https://media.birdweather.com/species/11/GreatTit-standard-0058e4dcd148acb2e0cb8a7b7c6ad3b2.jpg","https://media.birdweather.com/species/11/GreatTit-thumbnail-6910d0adae4550c5e6f2396322ee64c4.jpg","https://media.birdweather.com/species/11/GreatTit-png200-9f3394faf07d12f615112c10cb9d7f02.png","ImkCDwTFxox9pZloaIaeZLsJp9r1yG4P",7504386544,"https://media.birdweather.com/soundscapes/19267/19267-20260103-151223.flac",4.5,7.5,"live"
5048833080,19267,"2026-01-03T16:12:26.000+01:00",0.867470562458038,0.977286696434021,9.61951150852609,"almost_certain","BirdNET",NA,51.980564,5.676605,FALSE,11,"Great Tit","Parus major","#7a41c7","avian","https://media.birdweather.com/species/11/GreatTit-standard-0058e4dcd148acb2e0cb8a7b7c6ad3b2.jpg","https://media.birdweather.com/species/11/GreatTit-thumbnail-6910d0adae4550c5e6f2396322ee64c4.jpg","https://media.birdweather.com/species/11/GreatTit-png200-9f3394faf07d12f615112c10cb9d7f02.png","ImkCDwTFxox9pZloaIaeZLsJp9r1yG4P",7504386544,"https://media.birdweather.com/soundscapes/19267/19267-20260103-151223.flac",3,6,"live"
5048825745,19267,"2026-01-03T16:11:50.000+01:00",0.723444998264313,0.412813901901245,8.05662430382272,"almost_certain","BirdNET",NA,51.980564,5.676605,FALSE,89,"European Goldfinch","Carduelis carduelis","#65dba3","avian","https://media.birdweather.com/species/89/EuropeanGoldfinch-standard-5e709d6e7011b21fe905b6d27ce94b9d.jpg","https://media.birdweather.com/species/89/EuropeanGoldfinch-thumbnail-f99916cbaf5a2c3bd8f61890d18d73c1.jpg","https://media.birdweather.com/species/89/EuropeanGoldfinch-png200-ef3fc90c8328c40b59d9ad3c4b52e850.png","lPgJDwI+UJmHq2hji4dWiHiH2XQID5UC",7504375451,"https://media.birdweather.com/soundscapes/19267/19267-20260103-151147.flac",3,6,"live"
5048821926,19267,"2026-01-03T16:11:32.000+01:00",0.7452791929245,0.977286696434021,9.28730378364258,"almost_certain","BirdNET",NA,51.980564,5.676605,FALSE,11,"Great Tit","Parus major","#7a41c7","avian","https://media.birdweather.com/species/11/GreatTit-standard-0058e4dcd148acb2e0cb8a7b7c6ad3b2.jpg","https://media.birdweather.com/species/11/GreatTit-thumbnail-6910d0adae4550c5e6f2396322ee64c4.jpg","https://media.birdweather.com/species/11/GreatTit-png200-9f3394faf07d12f615112c10cb9d7f02.png","ImkCDwTFxox9pZloaIaeZLsJp9r1yG4P",7504370559,"https://media.birdweather.com/soundscapes/19267/19267-20260103-151129.flac",3,6,"live"
5048821862,19267,"2026-01-03T16:11:30.500+01:00",0.965305387973785,0.977286696434021,9.83741999526202,"almost_certain","BirdNET",NA,51.980564,5.676605,FALSE,11,"Great Tit","Parus major","#7a41c7","avian","https://media.birdweather.com/species/11/GreatTit-standard-0058e4dcd148acb2e0cb8a7b7c6ad3b2.jpg","https://media.birdweather.com/species/11/GreatTit-thumbnail-6910d0adae4550c5e6f2396322ee64c4.jpg","https://media.birdweather.com/species/11/GreatTit-png200-9f3394faf07d12f615112c10cb9d7f02.png","ImkCDwTFxox9pZloaIaeZLsJp9r1yG4P",7504370559,"https://media.birdweather.com/soundscapes/19267/19267-20260103-151129.flac",1.5,4.5,"live"
5048810752,19267,"2026-01-03T16:10:38.500+01:00",0.881863653659821,0.977286696434021,9.65382627189737,"almost_certain","BirdNET",NA,51.980564,5.676605,FALSE,11,"Great Tit","Parus major","#7a41c7","avian","https://media.birdweather.com/species/11/GreatTit-standard-0058e4dcd148acb2e0cb8a7b7c6ad3b2.jpg","https://media.birdweather.com/species/11/GreatTit-thumbnail-6910d0adae4550c5e6f2396322ee64c4.jpg","https://media.birdweather.com/species/11/GreatTit-png200-9f3394faf07d12f615112c10cb9d7f02.png","ImkCDwTFxox9pZloaIaeZLsJp9r1yG4P",7504354420,"https://media.birdweather.com/soundscapes/19267/19267-20260103-151037.flac",1.5,4.5,"live"
5048806448,19267,"2026-01-03T16:10:19.000+01:00",0.889310300350189,0.977286696434021,9.67124818162131,"almost_certain","BirdNET",NA,51.980564,5.676605,FALSE,11,"Great Tit","Parus major","#7a41c7","avian","https://media.birdweather.com/species/11/GreatTit-standard-0058e4dcd148acb2e0cb8a7b7c6ad3b2.jpg","https://media.birdweather.com/species/11/GreatTit-thumbnail-6910d0adae4550c5e6f2396322ee64c4.jpg","https://media.birdweather.com/species/11/GreatTit-png200-9f3394faf07d12f615112c10cb9d7f02.png","ImkCDwTFxox9pZloaIaeZLsJp9r1yG4P",7504348311,"https://media.birdweather.com/soundscapes/19267/19267-20260103-151016.flac",3,6,"live"
5048806351,19267,"2026-01-03T16:10:17.500+01:00",0.977426528930664,0.977286696434021,9.86215525924352,"almost_certain","BirdNET",NA,51.980564,5.676605,FALSE,11,"Great Tit","Parus major","#7a41c7","avian","https://media.birdweather.com/species/11/GreatTit-standard-0058e4dcd148acb2e0cb8a7b7c6ad3b2.jpg","https://media.birdweather.com/species/11/GreatTit-thumbnail-6910d0adae4550c5e6f2396322ee64c4.jpg","https://media.birdweather.com/species/11/GreatTit-png200-9f3394faf07d12f615112c10cb9d7f02.png","ImkCDwTFxox9pZloaIaeZLsJp9r1yG4P",7504348311,"https://media.birdweather.com/soundscapes/19267/19267-20260103-151016.flac",1.5,4.5,"live"
5048802757,19267,"2026-01-03T16:10:03.000+01:00",0.957937180995941,0.977286696434021,9.82216270513624,"almost_certain","BirdNET",NA,51.980564,5.676605,FALSE,11,"Great Tit","Parus major","#7a41c7","avian","https://media.birdweather.com/species/11/GreatTit-standard-0058e4dcd148acb2e0cb8a7b7c6ad3b2.jpg","https://media.birdweather.com/species/11/GreatTit-thumbnail-6910d0adae4550c5e6f2396322ee64c4.jpg","https://media.birdweather.com/species/11/GreatTit-png200-9f3394faf07d12f615112c10cb9d7f02.png","ImkCDwTFxox9pZloaIaeZLsJp9r1yG4P",7504343109,"https://media.birdweather.com/soundscapes/19267/19267-20260103-151000.flac",3,6,"live"
5048802687,19267,"2026-01-03T16:10:01.500+01:00",0.979784607887268,0.977286696434021,9.86691586182574,"almost_certain","BirdNET",NA,51.980564,5.676605,FALSE,11,"Great Tit","Parus major","#7a41c7","avian","https://media.birdweather.com/species/11/GreatTit-standard-0058e4dcd148acb2e0cb8a7b7c6ad3b2.jpg","https://media.birdweather.com/species/11/GreatTit-thumbnail-6910d0adae4550c5e6f2396322ee64c4.jpg","https://media.birdweather.com/species/11/GreatTit-png200-9f3394faf07d12f615112c10cb9d7f02.png","ImkCDwTFxox9pZloaIaeZLsJp9r1yG4P",7504343109,"https://media.birdweather.com/soundscapes/19267/19267-20260103-151000.flac",1.5,4.5,"live"
5048799454,19267,"2026-01-03T16:09:49.000+01:00",0.989897012710571,0.977286696434021,9.88714574026041,"almost_certain","BirdNET",NA,51.980564,5.676605,FALSE,11,"Great Tit","Parus major","#7a41c7","avian","https://media.birdweather.com/species/11/GreatTit-standard-0058e4dcd148acb2e0cb8a7b7c6ad3b2.jpg","https://media.birdweather.com/species/11/GreatTit-thumbnail-6910d0adae4550c5e6f2396322ee64c4.jpg","https://media.birdweather.com/species/11/GreatTit-png200-9f3394faf07d12f615112c10cb9d7f02.png","ImkCDwTFxox9pZloaIaeZLsJp9r1yG4P",7504338041,"https://media.birdweather.com/soundscapes/19267/19267-20260103-150943.flac",6,9,"live"
5048799375,19267,"2026-01-03T16:09:47.500+01:00",0.948251068592072,0.977286696434021,9.80184370862677,"almost_certain","BirdNET",NA,51.980564,5.676605,FALSE,11,"Great Tit","Parus major","#7a41c7","avian","https://media.birdweather.com/species/11/GreatTit-standard-0058e4dcd148acb2e0cb8a7b7c6ad3b2.jpg","https://media.birdweather.com/species/11/GreatTit-thumbnail-6910d0adae4550c5e6f2396322ee64c4.jpg","https://media.birdweather.com/species/11/GreatTit-png200-9f3394faf07d12f615112c10cb9d7f02.png","ImkCDwTFxox9pZloaIaeZLsJp9r1yG4P",7504338041,"https://media.birdweather.com/soundscapes/19267/19267-20260103-150943.flac",4.5,7.5,"live"
5048799197,19267,"2026-01-03T16:09:43.000+01:00",0.861680150032043,0.977286696434021,9.60546035578758,"almost_certain","BirdNET",NA,51.980564,5.676605,FALSE,11,"Great Tit","Parus major","#7a41c7","avian","https://media.birdweather.com/species/11/GreatTit-standard-0058e4dcd148acb2e0cb8a7b7c6ad3b2.jpg","https://media.birdweather.com/species/11/GreatTit-thumbnail-6910d0adae4550c5e6f2396322ee64c4.jpg","https://media.birdweather.com/species/11/GreatTit-png200-9f3394faf07d12f615112c10cb9d7f02.png","ImkCDwTFxox9pZloaIaeZLsJp9r1yG4P",7504338041,"https://media.birdweather.com/soundscapes/19267/19267-20260103-150943.flac",0,3,"live"
5048795030,19267,"2026-01-03T16:09:27.000+01:00",0.860843300819397,0.977286696434021,9.60341766593045,"almost_certain","BirdNET",NA,51.980564,5.676605,FALSE,11,"Great Tit","Parus major","#7a41c7","avian","https://media.birdweather.com/species/11/GreatTit-standard-0058e4dcd148acb2e0cb8a7b7c6ad3b2.jpg","https://media.birdweather.com/species/11/GreatTit-thumbnail-6910d0adae4550c5e6f2396322ee64c4.jpg","https://media.birdweather.com/species/11/GreatTit-png200-9f3394faf07d12f615112c10cb9d7f02.png","ImkCDwTFxox9pZloaIaeZLsJp9r1yG4P",7504332146,"https://media.birdweather.com/soundscapes/19267/19267-20260103-150921.flac",6,9,"live"
5048788231,19267,"2026-01-03T16:08:52.000+01:00",0.767124235630035,0.977286696434021,9.35291824335328,"almost_certain","BirdNET",NA,51.980564,5.676605,FALSE,11,"Great Tit","Parus major","#7a41c7","avian","https://media.birdweather.com/species/11/GreatTit-standard-0058e4dcd148acb2e0cb8a7b7c6ad3b2.jpg","https://media.birdweather.com/species/11/GreatTit-thumbnail-6910d0adae4550c5e6f2396322ee64c4.jpg","https://media.birdweather.com/species/11/GreatTit-png200-9f3394faf07d12f615112c10cb9d7f02.png","ImkCDwTFxox9pZloaIaeZLsJp9r1yG4P",7504322112,"https://media.birdweather.com/soundscapes/19267/19267-20260103-150846.flac",6,9,"live"
5048788110,19267,"2026-01-03T16:08:50.500+01:00",0.952261626720428,0.977286696434021,9.8102934255318,"almost_certain","BirdNET",NA,51.980564,5.676605,FALSE,11,"Great Tit","Parus major","#7a41c7","avian","https://media.birdweather.com/species/11/GreatTit-standard-0058e4dcd148acb2e0cb8a7b7c6ad3b2.jpg","https://media.birdweather.com/species/11/GreatTit-thumbnail-6910d0adae4550c5e6f2396322ee64c4.jpg","https://media.birdweather.com/species/11/GreatTit-png200-9f3394faf07d12f615112c10cb9d7f02.png","ImkCDwTFxox9pZloaIaeZLsJp9r1yG4P",7504322112,"https://media.birdweather.com/soundscapes/19267/19267-20260103-150846.flac",4.5,7.5,"live"
5048783249,19267,"2026-01-03T16:08:26.000+01:00",0.666834235191345,0.977286696434021,9.02180954581465,"almost_certain","BirdNET",NA,51.980564,5.676605,FALSE,11,"Great Tit","Parus major","#7a41c7","avian","https://media.birdweather.com/species/11/GreatTit-standard-0058e4dcd148acb2e0cb8a7b7c6ad3b2.jpg","https://media.birdweather.com/species/11/GreatTit-thumbnail-6910d0adae4550c5e6f2396322ee64c4.jpg","https://media.birdweather.com/species/11/GreatTit-png200-9f3394faf07d12f615112c10cb9d7f02.png","ImkCDwTFxox9pZloaIaeZLsJp9r1yG4P",7504315266,"https://media.birdweather.com/soundscapes/19267/19267-20260103-150826.flac",0,3,"live"
5048750006,19267,"2026-01-03T16:05:51.000+01:00",0.962723314762115,0.977286696434021,9.83209263336059,"almost_certain","BirdNET",NA,51.980572,5.676707,FALSE,11,"Great Tit","Parus major","#7a41c7","avian","https://media.birdweather.com/species/11/GreatTit-standard-0058e4dcd148acb2e0cb8a7b7c6ad3b2.jpg","https://media.birdweather.com/species/11/GreatTit-thumbnail-6910d0adae4550c5e6f2396322ee64c4.jpg","https://media.birdweather.com/species/11/GreatTit-png200-9f3394faf07d12f615112c10cb9d7f02.png","ImkCDwTFxox9pZloaIaeZLsJp9r1yG4P",7504267203,"https://media.birdweather.com/soundscapes/19267/19267-20260103-150545.flac",6,9,"live"
5048749913,19267,"2026-01-03T16:05:46.500+01:00",0.977704882621765,0.977286696434021,9.86271807486262,"almost_certain","BirdNET",NA,51.980572,5.676707,FALSE,11,"Great Tit","Parus major","#7a41c7","avian","https://media.birdweather.com/species/11/GreatTit-standard-0058e4dcd148acb2e0cb8a7b7c6ad3b2.jpg","https://media.birdweather.com/species/11/GreatTit-thumbnail-6910d0adae4550c5e6f2396322ee64c4.jpg","https://media.birdweather.com/species/11/GreatTit-png200-9f3394faf07d12f615112c10cb9d7f02.png","ImkCDwTFxox9pZloaIaeZLsJp9r1yG4P",7504267203,"https://media.birdweather.com/soundscapes/19267/19267-20260103-150545.flac",1.5,4.5,"live"
5048749823,19267,"2026-01-03T16:05:45.000+01:00",0.782190084457397,0.977286696434021,9.39640636012346,"almost_certain","BirdNET",NA,51.980572,5.676707,FALSE,11,"Great Tit","Parus major","#7a41c7","avian","https://media.birdweather.com/species/11/GreatTit-standard-0058e4dcd148acb2e0cb8a7b7c6ad3b2.jpg","https://media.birdweather.com/species/11/GreatTit-thumbnail-6910d0adae4550c5e6f2396322ee64c4.jpg","https://media.birdweather.com/species/11/GreatTit-png200-9f3394faf07d12f615112c10cb9d7f02.png","ImkCDwTFxox9pZloaIaeZLsJp9r1yG4P",7504267203,"https://media.birdweather.com/soundscapes/19267/19267-20260103-150545.flac",0,3,"live"
5048746764,19267,"2026-01-03T16:05:35.000+01:00",0.945712924003601,0.977286696434021,9.79646911927838,"almost_certain","BirdNET",NA,51.980572,5.676707,FALSE,11,"Great Tit","Parus major","#7a41c7","avian","https://media.birdweather.com/species/11/GreatTit-standard-0058e4dcd148acb2e0cb8a7b7c6ad3b2.jpg","https://media.birdweather.com/species/11/GreatTit-thumbnail-6910d0adae4550c5e6f2396322ee64c4.jpg","https://media.birdweather.com/species/11/GreatTit-png200-9f3394faf07d12f615112c10cb9d7f02.png","ImkCDwTFxox9pZloaIaeZLsJp9r1yG4P",7504262626,"https://media.birdweather.com/soundscapes/19267/19267-20260103-150529.flac",6,9,"live"
5048746583,19267,"2026-01-03T16:05:30.500+01:00",0.607812643051147,0.977286696434021,8.78148582448982,"almost_certain","BirdNET",NA,51.980572,5.676707,FALSE,11,"Great Tit","Parus major","#7a41c7","avian","https://media.birdweather.com/species/11/GreatTit-standard-0058e4dcd148acb2e0cb8a7b7c6ad3b2.jpg","https://media.birdweather.com/species/11/GreatTit-thumbnail-6910d0adae4550c5e6f2396322ee64c4.jpg","https://media.birdweather.com/species/11/GreatTit-png200-9f3394faf07d12f615112c10cb9d7f02.png","ImkCDwTFxox9pZloaIaeZLsJp9r1yG4P",7504262626,"https://media.birdweather.com/soundscapes/19267/19267-20260103-150529.flac",1.5,4.5,"live"
5048735318,19267,"2026-01-03T16:04:37.000+01:00",0.783657610416412,0.977286696434021,9.40056956747323,"almost_certain","BirdNET",NA,51.980572,5.676707,FALSE,11,"Great Tit","Parus major","#7a41c7","avian","https://media.birdweather.com/species/11/GreatTit-standard-0058e4dcd148acb2e0cb8a7b7c6ad3b2.jpg","https://media.birdweather.com/species/11/GreatTit-thumbnail-6910d0adae4550c5e6f2396322ee64c4.jpg","https://media.birdweather.com/species/11/GreatTit-png200-9f3394faf07d12f615112c10cb9d7f02.png","ImkCDwTFxox9pZloaIaeZLsJp9r1yG4P",7504246481,"https://media.birdweather.com/soundscapes/19267/19267-20260103-150434.flac",3,6,"live"
5048735228,19267,"2026-01-03T16:04:35.500+01:00",0.961118221282959,0.977286696434021,9.82877051498902,"almost_certain","BirdNET",NA,51.980572,5.676707,FALSE,11,"Great Tit","Parus major","#7a41c7","avian","https://media.birdweather.com/species/11/GreatTit-standard-0058e4dcd148acb2e0cb8a7b7c6ad3b2.jpg","https://media.birdweather.com/species/11/GreatTit-thumbnail-6910d0adae4550c5e6f2396322ee64c4.jpg","https://media.birdweather.com/species/11/GreatTit-png200-9f3394faf07d12f615112c10cb9d7f02.png","ImkCDwTFxox9pZloaIaeZLsJp9r1yG4P",7504246481,"https://media.birdweather.com/soundscapes/19267/19267-20260103-150434.flac",1.5,4.5,"live"
5048735114,19267,"2026-01-03T16:04:34.000+01:00",0.954282820224762,0.977286696434021,9.81453214441551,"almost_certain","BirdNET",NA,51.980572,5.676707,FALSE,11,"Great Tit","Parus major","#7a41c7","avian","https://media.birdweather.com/species/11/GreatTit-standard-0058e4dcd148acb2e0cb8a7b7c6ad3b2.jpg","https://media.birdweather.com/species/11/GreatTit-thumbnail-6910d0adae4550c5e6f2396322ee64c4.jpg","https://media.birdweather.com/species/11/GreatTit-png200-9f3394faf07d12f615112c10cb9d7f02.png","ImkCDwTFxox9pZloaIaeZLsJp9r1yG4P",7504246481,"https://media.birdweather.com/soundscapes/19267/19267-20260103-150434.flac",0,3,"live"
5048600732,19267,"2026-01-03T15:53:59.000+01:00",0.646399319171906,0.399065047502518,7.73619586630195,"almost_certain","BirdNET",NA,51.980625,5.67661,FALSE,44,"Dunnock","Prunella modularis","#fea614","avian","https://media.birdweather.com/species/44/Dunnock-standard-a705d7131240cedd1c407b5a19989591.jpg","https://media.birdweather.com/species/44/Dunnock-thumbnail-1036624855b82c96db4ad23d1ed9d702.jpg","https://media.birdweather.com/species/44/Dunnock-png200-951bb2cdb9ec585716907d8eac83882e.png","lQgGDwB9pneQhHlwWjeK2ZK6d/kdFaUA",7504049186,"https://media.birdweather.com/soundscapes/19267/19267-20260103-145356.flac",3,6,"live"
5048301590,19267,"2026-01-03T15:30:45.500+01:00",0.945037245750427,0.977286696434021,9.79503479168642,"almost_certain","BirdNET",NA,51.980602,5.676627,FALSE,11,"Great Tit","Parus major","#7a41c7","avian","https://media.birdweather.com/species/11/GreatTit-standard-0058e4dcd148acb2e0cb8a7b7c6ad3b2.jpg","https://media.birdweather.com/species/11/GreatTit-thumbnail-6910d0adae4550c5e6f2396322ee64c4.jpg","https://media.birdweather.com/species/11/GreatTit-png200-9f3394faf07d12f615112c10cb9d7f02.png","ImkCDwTFxox9pZloaIaeZLsJp9r1yG4P",7503619854,"https://media.birdweather.com/soundscapes/19267/19267-20260103-143044.flac",1.5,4.5,"live"
5048301531,19267,"2026-01-03T15:30:44.000+01:00",0.97788667678833,0.977286696434021,9.86308552774023,"almost_certain","BirdNET",NA,51.980602,5.676627,FALSE,11,"Great Tit","Parus major","#7a41c7","avian","https://media.birdweather.com/species/11/GreatTit-standard-0058e4dcd148acb2e0cb8a7b7c6ad3b2.jpg","https://media.birdweather.com/species/11/GreatTit-thumbnail-6910d0adae4550c5e6f2396322ee64c4.jpg","https://media.birdweather.com/species/11/GreatTit-png200-9f3394faf07d12f615112c10cb9d7f02.png","ImkCDwTFxox9pZloaIaeZLsJp9r1yG4P",7503619854,"https://media.birdweather.com/soundscapes/19267/19267-20260103-143044.flac",0,3,"live"
5048290520,19267,"2026-01-03T15:29:56.500+01:00",0.664291322231293,0.977286696434021,9.012279569006,"almost_certain","BirdNET",NA,51.980602,5.676627,FALSE,11,"Great Tit","Parus major","#7a41c7","avian","https://media.birdweather.com/species/11/GreatTit-standard-0058e4dcd148acb2e0cb8a7b7c6ad3b2.jpg","https://media.birdweather.com/species/11/GreatTit-thumbnail-6910d0adae4550c5e6f2396322ee64c4.jpg","https://media.birdweather.com/species/11/GreatTit-png200-9f3394faf07d12f615112c10cb9d7f02.png","ImkCDwTFxox9pZloaIaeZLsJp9r1yG4P",7503603580,"https://media.birdweather.com/soundscapes/19267/19267-20260103-142952.flac",4.5,7.5,"live"
5048290433,19267,"2026-01-03T15:29:55.000+01:00",0.853238642215729,0.977286696434021,9.58471429466363,"almost_certain","BirdNET",NA,51.980602,5.676627,FALSE,11,"Great Tit","Parus major","#7a41c7","avian","https://media.birdweather.com/species/11/GreatTit-standard-0058e4dcd148acb2e0cb8a7b7c6ad3b2.jpg","https://media.birdweather.com/species/11/GreatTit-thumbnail-6910d0adae4550c5e6f2396322ee64c4.jpg","https://media.birdweather.com/species/11/GreatTit-png200-9f3394faf07d12f615112c10cb9d7f02.png","ImkCDwTFxox9pZloaIaeZLsJp9r1yG4P",7503603580,"https://media.birdweather.com/soundscapes/19267/19267-20260103-142952.flac",3,6,"live"
5048286218,19267,"2026-01-03T15:29:32.500+01:00",0.793349087238312,0.977286696434021,9.42775005413622,"almost_certain","BirdNET",NA,51.980602,5.676627,FALSE,11,"Great Tit","Parus major","#7a41c7","avian","https://media.birdweather.com/species/11/GreatTit-standard-0058e4dcd148acb2e0cb8a7b7c6ad3b2.jpg","https://media.birdweather.com/species/11/GreatTit-thumbnail-6910d0adae4550c5e6f2396322ee64c4.jpg","https://media.birdweather.com/species/11/GreatTit-png200-9f3394faf07d12f615112c10cb9d7f02.png","ImkCDwTFxox9pZloaIaeZLsJp9r1yG4P",7503597507,"https://media.birdweather.com/soundscapes/19267/19267-20260103-142931.flac",1.5,4.5,"live"
5048279139,19267,"2026-01-03T15:29:00.000+01:00",0.915086090564728,0.977286696434021,9.72989702128618,"almost_certain","BirdNET",NA,51.980583,5.676595,FALSE,11,"Great Tit","Parus major","#7a41c7","avian","https://media.birdweather.com/species/11/GreatTit-standard-0058e4dcd148acb2e0cb8a7b7c6ad3b2.jpg","https://media.birdweather.com/species/11/GreatTit-thumbnail-6910d0adae4550c5e6f2396322ee64c4.jpg","https://media.birdweather.com/species/11/GreatTit-png200-9f3394faf07d12f615112c10cb9d7f02.png","ImkCDwTFxox9pZloaIaeZLsJp9r1yG4P",7503586949,"https://media.birdweather.com/soundscapes/19267/19267-20260103-142857.flac",3,6,"live"
5048279030,19267,"2026-01-03T15:28:58.500+01:00",0.934843957424164,0.977286696434021,9.77321229715736,"almost_certain","BirdNET",NA,51.980583,5.676595,FALSE,11,"Great Tit","Parus major","#7a41c7","avian","https://media.birdweather.com/species/11/GreatTit-standard-0058e4dcd148acb2e0cb8a7b7c6ad3b2.jpg","https://media.birdweather.com/species/11/GreatTit-thumbnail-6910d0adae4550c5e6f2396322ee64c4.jpg","https://media.birdweather.com/species/11/GreatTit-png200-9f3394faf07d12f615112c10cb9d7f02.png","ImkCDwTFxox9pZloaIaeZLsJp9r1yG4P",7503586949,"https://media.birdweather.com/soundscapes/19267/19267-20260103-142857.flac",1.5,4.5,"live"
5048245678,19267,"2026-01-03T15:26:18.500+01:00",0.752931594848633,0.412813901901245,8.14884924854859,"almost_certain","BirdNET",NA,51.980671,5.67683,FALSE,89,"European Goldfinch","Carduelis carduelis","#65dba3","avian","https://media.birdweather.com/species/89/EuropeanGoldfinch-standard-5e709d6e7011b21fe905b6d27ce94b9d.jpg","https://media.birdweather.com/species/89/EuropeanGoldfinch-thumbnail-f99916cbaf5a2c3bd8f61890d18d73c1.jpg","https://media.birdweather.com/species/89/EuropeanGoldfinch-png200-ef3fc90c8328c40b59d9ad3c4b52e850.png","lPgJDwI+UJmHq2hji4dWiHiH2XQID5UC",7503538741,"https://media.birdweather.com/soundscapes/19267/19267-20260103-142617.flac",1.5,4.5,"live"
5047983696,19267,"2026-01-03T15:05:28.000+01:00",0.918766140937805,0.0275623556226492,5.25959668805898,"almost_certain","BirdNET",NA,51.980782,5.677047,FALSE,1993,"Mediterranean Gull","Ichthyaetus melanocephalus","#843e30","avian","https://media.birdweather.com/species/1993/MediterraneanGull-standard-eabbfdda3cd583efd28d04b6545c1956.jpg","https://media.birdweather.com/species/1993/MediterraneanGull-thumbnail-a6ad1173396053ec8c1ff3ac5dbb84f2.jpg","https://media.birdweather.com/species/1993/MediterraneanGull-png200-fb29849cc59dc4e43549b959ce315bdd.png","1AgOFwBGWHiAeXl1iMhniIl0mft3+owE",7503155271,"https://media.birdweather.com/soundscapes/19267/19267-20260103-140522.flac",6,9,"live"
5047777766,19267,"2026-01-03T14:49:19.000+01:00",0.763530194759369,0.942969083786011,9.29386887171624,"almost_certain","BirdNET",NA,51.980679,5.677155,FALSE,6,"European Robin","Erithacus rubecula","#93d436","avian","https://media.birdweather.com/species/6/EuropeanRobin-standard-6802f21dc9c4b056c0c15b0a4ad01a9a.jpg","https://media.birdweather.com/species/6/EuropeanRobin-thumbnail-3afd51da2d7daf4db7f4ed43af30ed2d.jpg","https://media.birdweather.com/species/6/EuropeanRobin-png200-ac96bfc6bbb72a9e2528d5544937cebd.png","YxgKFwJnWYePd3iMd5h4Z4eHp6cMG8gA",7502857515,"https://media.birdweather.com/soundscapes/19267/19267-20260103-134913.flac",6,9,"live"
5046570146,19267,"2026-01-03T13:04:16.500+01:00",0.892990112304688,0.980277061462402,9.68391951491954,"almost_certain","BirdNET",NA,51.980625,5.677595,FALSE,66,"Eurasian Blue Tit","Cyanistes caeruleus","#4b8900","avian","https://media.birdweather.com/species/66/EurasianBlueTit-standard-4ec8e45d78b2908d0f41ae495ae07571.jpg","https://media.birdweather.com/species/66/EurasianBlueTit-thumbnail-4d9abc54a3abc3fb12e78e603cbe6784.jpg","https://media.birdweather.com/species/66/EurasianBlueTit-png200-49adab92304ba7a74e93ac43e38e62d3.png","EfgJBwAKhHiEm2ZheGllqXeZhi/ze3EP",7500903430,"https://media.birdweather.com/soundscapes/19267/19267-20260103-120415.flac",1.5,4.5,"live"
5046570120,19267,"2026-01-03T13:04:15.000+01:00",0.888558387756348,0.980277061462402,9.67364233864971,"almost_certain","BirdNET",NA,51.980625,5.677595,FALSE,66,"Eurasian Blue Tit","Cyanistes caeruleus","#4b8900","avian","https://media.birdweather.com/species/66/EurasianBlueTit-standard-4ec8e45d78b2908d0f41ae495ae07571.jpg","https://media.birdweather.com/species/66/EurasianBlueTit-thumbnail-4d9abc54a3abc3fb12e78e603cbe6784.jpg","https://media.birdweather.com/species/66/EurasianBlueTit-png200-49adab92304ba7a74e93ac43e38e62d3.png","EfgJBwAKhHiEm2ZheGllqXeZhi/ze3EP",7500903430,"https://media.birdweather.com/soundscapes/19267/19267-20260103-120415.flac",0,3,"live"
5046567962,19267,"2026-01-03T13:04:02.000+01:00",0.957274317741394,0.980277061462402,9.82492503504168,"almost_certain","BirdNET",NA,51.980625,5.677595,FALSE,66,"Eurasian Blue Tit","Cyanistes caeruleus","#4b8900","avian","https://media.birdweather.com/species/66/EurasianBlueTit-standard-4ec8e45d78b2908d0f41ae495ae07571.jpg","https://media.birdweather.com/species/66/EurasianBlueTit-thumbnail-4d9abc54a3abc3fb12e78e603cbe6784.jpg","https://media.birdweather.com/species/66/EurasianBlueTit-png200-49adab92304ba7a74e93ac43e38e62d3.png","EfgJBwAKhHiEm2ZheGllqXeZhi/ze3EP",7500898501,"https://media.birdweather.com/soundscapes/19267/19267-20260103-120359.flac",3,6,"live"
5046567928,19267,"2026-01-03T13:04:00.500+01:00",0.690885663032532,0.980277061462402,9.11295471246864,"almost_certain","BirdNET",NA,51.980625,5.677595,FALSE,66,"Eurasian Blue Tit","Cyanistes caeruleus","#4b8900","avian","https://media.birdweather.com/species/66/EurasianBlueTit-standard-4ec8e45d78b2908d0f41ae495ae07571.jpg","https://media.birdweather.com/species/66/EurasianBlueTit-thumbnail-4d9abc54a3abc3fb12e78e603cbe6784.jpg","https://media.birdweather.com/species/66/EurasianBlueTit-png200-49adab92304ba7a74e93ac43e38e62d3.png","EfgJBwAKhHiEm2ZheGllqXeZhi/ze3EP",7500898501,"https://media.birdweather.com/soundscapes/19267/19267-20260103-120359.flac",1.5,4.5,"live"
5046394661,19267,"2026-01-03T12:36:13.000+01:00",0.971024751663208,0.0279118716716766,5.38336324873424,"almost_certain","BirdNET",NA,51.980583,5.677105,FALSE,186,"Tawny Owl","Strix aluco","#ff81c2","avian","https://media.birdweather.com/species/186/TawnyOwl-standard-a880387489a3d9307eaa5193225ffd9d.jpg","https://media.birdweather.com/species/186/TawnyOwl-thumbnail-f1a9d78408877a4e4f011b228882ac2a.jpg","https://media.birdweather.com/species/186/TawnyOwl-png200-fc157b30e3acffca0c2aeeb821667e40.png","TggKDwIIh4mUanhjmoh3eIiIWFBKBZID",7500376915,"https://media.birdweather.com/soundscapes/19267/19267-20260103-113607.flac",6,9,"live"
5045633958,19267,"2026-01-03T10:13:43.000+01:00",0.70110946893692,1,9.17534469112533,"almost_certain","BirdNET",NA,51.980667,5.677237,FALSE,20,"Black Redstart","Phoenicurus ochruros","#c8ce2d","avian","https://media.birdweather.com/species/20/BlackRedstart-standard-4255c9b712ecb46ea7d3df8d556c18e7.jpg","https://media.birdweather.com/species/20/BlackRedstart-thumbnail-2fee59acc1ecc6be7238da194869e940.jpg","https://media.birdweather.com/species/20/BlackRedstart-png200-cbc0625b8b4889aeec1da754ad906efd.png","2QgGFwT8epa+l3ZlZ5hntnh4Z/6oyZ8I",7497678582,"https://media.birdweather.com/soundscapes/19267/19267-20260103-091340.flac",3,6,"live"
5045633932,19267,"2026-01-03T10:13:41.500+01:00",0.851476609706879,1,9.61150480378732,"almost_certain","BirdNET",NA,51.980667,5.677237,FALSE,20,"Black Redstart","Phoenicurus ochruros","#c8ce2d","avian","https://media.birdweather.com/species/20/BlackRedstart-standard-4255c9b712ecb46ea7d3df8d556c18e7.jpg","https://media.birdweather.com/species/20/BlackRedstart-thumbnail-2fee59acc1ecc6be7238da194869e940.jpg","https://media.birdweather.com/species/20/BlackRedstart-png200-cbc0625b8b4889aeec1da754ad906efd.png","2QgGFwT8epa+l3ZlZ5hntnh4Z/6oyZ8I",7497678582,"https://media.birdweather.com/soundscapes/19267/19267-20260103-091340.flac",1.5,4.5,"live"
5045633946,19267,"2026-01-03T10:13:41.500+01:00",0.805787086486816,0.0343328900635242,5.21043132741171,"almost_certain","BirdNET",NA,51.980667,5.677237,FALSE,303,"European Stonechat","Saxicola rubicola","#96038f","avian","https://media.birdweather.com/species/303/EuropeanStonechat-standard-23799ee67e36e10c6993ad61d7af5ef8.jpg","https://media.birdweather.com/species/303/EuropeanStonechat-thumbnail-25df46e1744b6d9ba7c7e1f023235f2a.jpg","https://media.birdweather.com/species/303/EuropeanStonechat-png200-e4986c9ef9cdea05900d0c27650cc63c.png","5sYFHwL3WId6hnl7hZhpZZd4hzBYB4QD",7497678582,"https://media.birdweather.com/soundscapes/19267/19267-20260103-091340.flac",1.5,4.5,"live"
5045633910,19267,"2026-01-03T10:13:40.000+01:00",0.824002087116241,1,9.54149265491831,"almost_certain","BirdNET",NA,51.980667,5.677237,FALSE,20,"Black Redstart","Phoenicurus ochruros","#c8ce2d","avian","https://media.birdweather.com/species/20/BlackRedstart-standard-4255c9b712ecb46ea7d3df8d556c18e7.jpg","https://media.birdweather.com/species/20/BlackRedstart-thumbnail-2fee59acc1ecc6be7238da194869e940.jpg","https://media.birdweather.com/species/20/BlackRedstart-png200-cbc0625b8b4889aeec1da754ad906efd.png","2QgGFwT8epa+l3ZlZ5hntnh4Z/6oyZ8I",7497678582,"https://media.birdweather.com/soundscapes/19267/19267-20260103-091340.flac",0,3,"live"
5045434273,19267,"2026-01-03T09:40:26.000+01:00",0.70182728767395,0.369328379631042,7.83614864910055,"almost_certain","BirdNET",NA,51.980598,5.677275,FALSE,2,"Short-toed Treecreeper","Certhia brachydactyla","#66dd57","avian","https://media.birdweather.com/species/2/Short-toedTreecreeper-standard-7bbb76fb215629d251262575c97eb338.jpg","https://media.birdweather.com/species/2/Short-toedTreecreeper-thumbnail-fab8f3fcc7962cfbf3bdbde5dc2a415d.jpg","https://media.birdweather.com/species/2/Short-toedTreecreeper-png200-9ed36805c2a6923b35a860f2814cdd8c.png","IRkGHwS/1aqJXad3ialWmph5+Yx4z3gI",7497051882,"https://media.birdweather.com/soundscapes/19267/19267-20260103-084023.flac",3,6,"live"
5045434260,19267,"2026-01-03T09:40:24.500+01:00",0.700499296188354,0.369328379631042,7.83161346347091,"almost_certain","BirdNET",NA,51.980598,5.677275,FALSE,2,"Short-toed Treecreeper","Certhia brachydactyla","#66dd57","avian","https://media.birdweather.com/species/2/Short-toedTreecreeper-standard-7bbb76fb215629d251262575c97eb338.jpg","https://media.birdweather.com/species/2/Short-toedTreecreeper-thumbnail-fab8f3fcc7962cfbf3bdbde5dc2a415d.jpg","https://media.birdweather.com/species/2/Short-toedTreecreeper-png200-9ed36805c2a6923b35a860f2814cdd8c.png","IRkGHwS/1aqJXad3ialWmph5+Yx4z3gI",7497051882,"https://media.birdweather.com/soundscapes/19267/19267-20260103-084023.flac",1.5,4.5,"live"
5045169849,19267,"2026-01-03T08:58:04.500+01:00",0.718620538711548,0.991799652576447,9.22271682296458,"almost_certain","BirdNET",NA,51.980618,5.67654,FALSE,58,"Carrion Crow","Corvus corone","#01a85a","avian","https://media.birdweather.com/species/58/CarrionCrow-standard-ed24da07616d0cd7c5ef9cd2892ec869.jpg","https://media.birdweather.com/species/58/CarrionCrow-thumbnail-38cc6285bbd8f8340f32fa4dc3f58a69.jpg","https://media.birdweather.com/species/58/CarrionCrow-png200-5ec2904f61f6588853b296f54d8d0cb6.png","nggODwDDmZlqdoiPdLeIWIiYaK6A1gMK",7496252163,"https://media.birdweather.com/soundscapes/19267/19267-20260103-075803.flac",1.5,4.5,"live"
5045113850,19267,"2026-01-03T08:49:01.000+01:00",0.879152715206146,0.657073259353638,9.1103054260288,"almost_certain","BirdNET",NA,51.980576,5.677328,FALSE,106,"Eurasian Coot","Fulica atra","#ff3f73","avian","https://media.birdweather.com/species/106/EurasianCoot-standard-2a8d0e9921cc5b25806667422f3bea55.jpg","https://media.birdweather.com/species/106/EurasianCoot-thumbnail-2d0f437522ce59f1064ef9e7b3772b25.jpg","https://media.birdweather.com/species/106/EurasianCoot-png200-16bf8dd1cedfac1d8f2887bb06137dda.png","2xgGDwKFt4aWZ2mfd6eIeHZod0z5tpQP",7496081946,"https://media.birdweather.com/soundscapes/19267/19267-20260103-074901.flac",0,3,"live"
5045043289,19267,"2026-01-03T08:38:06.000+01:00",0.932222306728363,0.878310084342957,9.62281678976895,"almost_certain","BirdNET",NA,51.980541,5.676965,FALSE,52,"Eurasian Magpie","Pica pica","#d9c845","avian","https://media.birdweather.com/species/52/EurasianMagpie-standard-918a15076b13e00f4b99a7d5416ca730.jpg","https://media.birdweather.com/species/52/EurasianMagpie-thumbnail-d9fbe854e7c8607465886068aaae11f9.jpg","https://media.birdweather.com/species/52/EurasianMagpie-png200-5c239aeda607c9e0851a39f804982091.png","FggGDwAf+FnWW5aUV4SFiZZ7ehr4bvIM",7495875239,"https://media.birdweather.com/soundscapes/19267/19267-20260103-073803.flac",3,6,"live"
5044840058,19267,"2026-01-03T08:03:55.000+01:00",0.782035946846008,0.130888983607292,6.72859446520633,"almost_certain","BirdNET",NA,51.980911,5.677972,FALSE,61,"Song Thrush","Turdus philomelos","#c20085","avian","https://media.birdweather.com/species/61/SongThrush-standard-8821482383a2449437975b6fbfa9a7f6.jpg","https://media.birdweather.com/species/61/SongThrush-thumbnail-313c4d63857e61b1b3f25e96ea42e23f.jpg","https://media.birdweather.com/species/61/SongThrush-png200-3465dc5f927896e1259256dce5b082db.png","o7kBDwSvRolEmXhKoypqeKlbk272BnsA",7495233933,"https://media.birdweather.com/soundscapes/19267/19267-20260103-070355.flac",0,3,"live"
5044753820,19267,"2026-01-03T07:46:29.500+01:00",0.674868762493134,0.942969083786011,9.00302399566671,"almost_certain","BirdNET",NA,51.980869,5.67794,FALSE,6,"European Robin","Erithacus rubecula","#93d436","avian","https://media.birdweather.com/species/6/EuropeanRobin-standard-6802f21dc9c4b056c0c15b0a4ad01a9a.jpg","https://media.birdweather.com/species/6/EuropeanRobin-thumbnail-3afd51da2d7daf4db7f4ed43af30ed2d.jpg","https://media.birdweather.com/species/6/EuropeanRobin-png200-ac96bfc6bbb72a9e2528d5544937cebd.png","YxgKFwJnWYePd3iMd5h4Z4eHp6cMG8gA",7494905018,"https://media.birdweather.com/soundscapes/19267/19267-20260103-064625.flac",4.5,7.5,"live"
5044361376,19267,"2026-01-03T06:09:17.500+01:00",0.71502161026001,0.942969083786011,9.14242778911494,"almost_certain","BirdNET",NA,51.980663,5.677713,FALSE,6,"European Robin","Erithacus rubecula","#93d436","avian","https://media.birdweather.com/species/6/EuropeanRobin-standard-6802f21dc9c4b056c0c15b0a4ad01a9a.jpg","https://media.birdweather.com/species/6/EuropeanRobin-thumbnail-3afd51da2d7daf4db7f4ed43af30ed2d.jpg","https://media.birdweather.com/species/6/EuropeanRobin-png200-ac96bfc6bbb72a9e2528d5544937cebd.png","YxgKFwJnWYePd3iMd5h4Z4eHp6cMG8gA",7493079200,"https://media.birdweather.com/soundscapes/19267/19267-20260103-050916.flac",1.5,4.5,"live"
5044220903,19267,"2026-01-03T05:32:42.000+01:00",0.777887940406799,0.942969083786011,9.33566036923727,"almost_certain","BirdNET",NA,51.98053,5.677143,FALSE,6,"European Robin","Erithacus rubecula","#93d436","avian","https://media.birdweather.com/species/6/EuropeanRobin-standard-6802f21dc9c4b056c0c15b0a4ad01a9a.jpg","https://media.birdweather.com/species/6/EuropeanRobin-thumbnail-3afd51da2d7daf4db7f4ed43af30ed2d.jpg","https://media.birdweather.com/species/6/EuropeanRobin-png200-ac96bfc6bbb72a9e2528d5544937cebd.png","YxgKFwJnWYePd3iMd5h4Z4eHp6cMG8gA",7492391126,"https://media.birdweather.com/soundscapes/19267/19267-20260103-043242.flac",0,3,"live"
5044212784,19267,"2026-01-03T05:30:32.000+01:00",0.665677785873413,0.942969083786011,8.9690159118454,"almost_certain","BirdNET",NA,51.98048,5.676569,FALSE,6,"European Robin","Erithacus rubecula","#93d436","avian","https://media.birdweather.com/species/6/EuropeanRobin-standard-6802f21dc9c4b056c0c15b0a4ad01a9a.jpg","https://media.birdweather.com/species/6/EuropeanRobin-thumbnail-3afd51da2d7daf4db7f4ed43af30ed2d.jpg","https://media.birdweather.com/species/6/EuropeanRobin-png200-ac96bfc6bbb72a9e2528d5544937cebd.png","YxgKFwJnWYePd3iMd5h4Z4eHp6cMG8gA",7492350321,"https://media.birdweather.com/soundscapes/19267/19267-20260103-043032.flac",0,3,"live"
5043268816,19267,"2026-01-03T01:36:19.500+01:00",0.960203886032104,0.478621363639832,8.86325403017977,"almost_certain","BirdNET",NA,51.980553,5.676893,FALSE,136,"Eurasian Moorhen","Gallinula chloropus","#ff6aae","avian","https://media.birdweather.com/species/136/EurasianMoorhen-standard-7fbea3f567eb87f2e5637e65f2e345a9.jpg","https://media.birdweather.com/species/136/EurasianMoorhen-thumbnail-b3a07142f4c0d0b456db50c940eeb498.jpg","https://media.birdweather.com/species/136/EurasianMoorhen-png200-24825fc01e9088e286c3df4f12f48d8e.png","4gkGFwJLibWgemdUevdEiMqVufboq2AI",7487951639,"https://media.birdweather.com/soundscapes/19267/19267-20260103-003618.flac",1.5,4.5,"live"
